client_id,client_name,client_tier,region
CLI-1000,Client Corp 0,Institutional Tier 2,APAC
CLI-1001,Client Corp 1,HNW Wealth,AMER
CLI-1002,Client Corp 2,HNW Wealth,AMER
CLI-1003,Client Corp 3,Institutional Tier 2,AMER
CLI-1004,Client Corp 4,Institutional Tier 1,APAC
CLI-1005,Client Corp 5,Institutional Tier 1,AMER
CLI-1006,Client Corp 6,Institutional Tier 1,EMEA
CLI-1007,Client Corp 7,HNW Wealth,EMEA
CLI-1008,Client Corp 8,Institutional Tier 2,AMER
CLI-1009,Client Corp 9,HNW Wealth,EMEA
CLI-1010,Client Corp 10,Institutional Tier 1,AMER
CLI-1011,Client Corp 11,HNW Wealth,EMEA
CLI-1012,Client Corp 12,HNW Wealth,EMEA
CLI-1013,Client Corp 13,Institutional Tier 2,EMEA
CLI-1014,Client Corp 14,Institutional Tier 1,AMER
CLI-1015,Client Corp 15,Institutional Tier 1,APAC
CLI-1016,Client Corp 16,Institutional Tier 2,AMER
CLI-1017,Client Corp 17,Institutional Tier 2,AMER
CLI-1018,Client Corp 18,Institutional Tier 2,AMER
CLI-1019,Client Corp 19,Institutional Tier 2,EMEA
CLI-1020,Client Corp 20,Institutional Tier 2,EMEA
CLI-1021,Client Corp 21,Institutional Tier 1,AMER
CLI-1022,Client Corp 22,Institutional Tier 2,EMEA
CLI-1023,Client Corp 23,Institutional Tier 2,AMER
CLI-1024,Client Corp 24,Institutional Tier 2,EMEA
CLI-1025,Client Corp 25,HNW Wealth,AMER
CLI-1026,Client Corp 26,Institutional Tier 1,EMEA
CLI-1027,Client Corp 27,Institutional Tier 2,AMER
CLI-1028,Client Corp 28,Institutional Tier 2,APAC
CLI-1029,Client Corp 29,Institutional Tier 1,AMER
CLI-1030,Client Corp 30,Institutional Tier 2,AMER
CLI-1031,Client Corp 31,Institutional Tier 1,AMER
CLI-1032,Client Corp 32,Institutional Tier 1,APAC
CLI-1033,Client Corp 33,HNW Wealth,APAC
CLI-1034,Client Corp 34,HNW Wealth,AMER
CLI-1035,Client Corp 35,HNW Wealth,EMEA
CLI-1036,Client Corp 36,Institutional Tier 2,APAC
CLI-1037,Client Corp 37,Institutional Tier 1,EMEA
CLI-1038,Client Corp 38,Institutional Tier 2,EMEA
CLI-1039,Client Corp 39,Institutional Tier 2,AMER
CLI-1040,Client Corp 40,Institutional Tier 1,AMER
CLI-1041,Client Corp 41,Institutional Tier 2,APAC
CLI-1042,Client Corp 42,Institutional Tier 1,APAC
CLI-1043,Client Corp 43,HNW Wealth,EMEA
CLI-1044,Client Corp 44,Institutional Tier 2,AMER
CLI-1045,Client Corp 45,Institutional Tier 2,AMER
CLI-1046,Client Corp 46,Institutional Tier 2,EMEA
CLI-1047,Client Corp 47,Institutional Tier 2,APAC
CLI-1048,Client Corp 48,Institutional Tier 2,APAC
CLI-1049,Client Corp 49,Institutional Tier 1,EMEA
CLI-1050,Client Corp 50,HNW Wealth,EMEA
CLI-1051,Client Corp 51,HNW Wealth,AMER
CLI-1052,Client Corp 52,HNW Wealth,AMER
CLI-1053,Client Corp 53,HNW Wealth,APAC
CLI-1054,Client Corp 54,Institutional Tier 2,EMEA
CLI-1055,Client Corp 55,HNW Wealth,AMER
CLI-1056,Client Corp 56,Institutional Tier 1,AMER
CLI-1057,Client Corp 57,Institutional Tier 1,EMEA
CLI-1058,Client Corp 58,Institutional Tier 1,AMER
CLI-1059,Client Corp 59,Institutional Tier 2,AMER
CLI-1060,Client Corp 60,Institutional Tier 2,EMEA
CLI-1061,Client Corp 61,Institutional Tier 2,EMEA
CLI-1062,Client Corp 62,HNW Wealth,EMEA
CLI-1063,Client Corp 63,Institutional Tier 2,AMER
CLI-1064,Client Corp 64,Institutional Tier 2,EMEA
CLI-1065,Client Corp 65,Institutional Tier 2,AMER
CLI-1066,Client Corp 66,Institutional Tier 1,AMER
CLI-1067,Client Corp 67,HNW Wealth,EMEA
CLI-1068,Client Corp 68,Institutional Tier 1,EMEA
CLI-1069,Client Corp 69,HNW Wealth,APAC
CLI-1070,Client Corp 70,HNW Wealth,EMEA
CLI-1071,Client Corp 71,Institutional Tier 1,EMEA
CLI-1072,Client Corp 72,Institutional Tier 1,AMER
CLI-1073,Client Corp 73,HNW Wealth,AMER
CLI-1074,Client Corp 74,HNW Wealth,AMER
CLI-1075,Client Corp 75,HNW Wealth,AMER
CLI-1076,Client Corp 76,HNW Wealth,APAC
CLI-1077,Client Corp 77,Institutional Tier 1,AMER
CLI-1078,Client Corp 78,Institutional Tier 2,APAC
CLI-1079,Client Corp 79,Institutional Tier 1,EMEA
CLI-1080,Client Corp 80,HNW Wealth,EMEA
CLI-1081,Client Corp 81,Institutional Tier 2,EMEA
CLI-1082,Client Corp 82,Institutional Tier 2,EMEA
CLI-1083,Client Corp 83,Institutional Tier 1,AMER
CLI-1084,Client Corp 84,Institutional Tier 2,AMER
CLI-1085,Client Corp 85,Institutional Tier 2,EMEA
CLI-1086,Client Corp 86,HNW Wealth,AMER
CLI-1087,Client Corp 87,Institutional Tier 2,AMER
CLI-1088,Client Corp 88,HNW Wealth,EMEA
CLI-1089,Client Corp 89,Institutional Tier 2,AMER
CLI-1090,Client Corp 90,Institutional Tier 1,APAC
CLI-1091,Client Corp 91,HNW Wealth,APAC
CLI-1092,Client Corp 92,HNW Wealth,APAC
CLI-1093,Client Corp 93,Institutional Tier 2,AMER
CLI-1094,Client Corp 94,HNW Wealth,AMER
CLI-1095,Client Corp 95,Institutional Tier 2,APAC
CLI-1096,Client Corp 96,Institutional Tier 2,AMER
CLI-1097,Client Corp 97,Institutional Tier 2,APAC
CLI-1098,Client Corp 98,Institutional Tier 1,APAC
CLI-1099,Client Corp 99,Institutional Tier 1,APAC
CLI-1100,Client Corp 100,Institutional Tier 1,AMER
CLI-1101,Client Corp 101,Institutional Tier 2,AMER
CLI-1102,Client Corp 102,Institutional Tier 2,APAC
CLI-1103,Client Corp 103,Institutional Tier 2,AMER
CLI-1104,Client Corp 104,HNW Wealth,AMER
CLI-1105,Client Corp 105,Institutional Tier 2,EMEA
CLI-1106,Client Corp 106,Institutional Tier 2,APAC
CLI-1107,Client Corp 107,HNW Wealth,EMEA
CLI-1108,Client Corp 108,Institutional Tier 2,EMEA
CLI-1109,Client Corp 109,Institutional Tier 1,AMER
CLI-1110,Client Corp 110,Institutional Tier 2,EMEA
CLI-1111,Client Corp 111,Institutional Tier 1,APAC
CLI-1112,Client Corp 112,HNW Wealth,AMER
CLI-1113,Client Corp 113,HNW Wealth,EMEA
CLI-1114,Client Corp 114,Institutional Tier 2,APAC
CLI-1115,Client Corp 115,HNW Wealth,EMEA
CLI-1116,Client Corp 116,HNW Wealth,EMEA
CLI-1117,Client Corp 117,Institutional Tier 1,EMEA
CLI-1118,Client Corp 118,HNW Wealth,AMER
CLI-1119,Client Corp 119,Institutional Tier 2,AMER
CLI-1120,Client Corp 120,HNW Wealth,APAC
CLI-1121,Client Corp 121,HNW Wealth,APAC
CLI-1122,Client Corp 122,Institutional Tier 2,APAC
CLI-1123,Client Corp 123,Institutional Tier 1,APAC
CLI-1124,Client Corp 124,Institutional Tier 2,EMEA
CLI-1125,Client Corp 125,Institutional Tier 2,EMEA
CLI-1126,Client Corp 126,HNW Wealth,EMEA
CLI-1127,Client Corp 127,HNW Wealth,EMEA
CLI-1128,Client Corp 128,Institutional Tier 1,EMEA
CLI-1129,Client Corp 129,Institutional Tier 2,EMEA
CLI-1130,Client Corp 130,Institutional Tier 2,APAC
CLI-1131,Client Corp 131,Institutional Tier 2,AMER
CLI-1132,Client Corp 132,Institutional Tier 1,AMER
CLI-1133,Client Corp 133,Institutional Tier 2,AMER
CLI-1134,Client Corp 134,HNW Wealth,EMEA
CLI-1135,Client Corp 135,Institutional Tier 2,AMER
CLI-1136,Client Corp 136,Institutional Tier 2,AMER
CLI-1137,Client Corp 137,HNW Wealth,EMEA
CLI-1138,Client Corp 138,Institutional Tier 2,AMER
CLI-1139,Client Corp 139,HNW Wealth,EMEA
CLI-1140,Client Corp 140,HNW Wealth,AMER
CLI-1141,Client Corp 141,Institutional Tier 2,AMER
CLI-1142,Client Corp 142,Institutional Tier 2,APAC
CLI-1143,Client Corp 143,Institutional Tier 2,AMER
CLI-1144,Client Corp 144,Institutional Tier 2,AMER
CLI-1145,Client Corp 145,Institutional Tier 1,EMEA
CLI-1146,Client Corp 146,Institutional Tier 2,EMEA
CLI-1147,Client Corp 147,Institutional Tier 2,AMER
CLI-1148,Client Corp 148,Institutional Tier 1,EMEA
CLI-1149,Client Corp 149,Institutional Tier 2,AMER
